timestamp,event_type,detail
2026-03-21T18:44:23.026841,STARTUP,Application started
2026-03-21T18:51:51.577683,STARTUP,Application started
2026-03-21T18:51:51.686221,SHUTDOWN,Application closed
2026-03-21T18:52:08.420692,SHUTDOWN,Application closed
2026-03-21T18:52:21.833292,STARTUP,Application started
2026-03-21T18:55:09.731523,LOCK_CHANGE,UNLOCKED
2026-03-21T18:55:13.815823,ACTION_SENT,PLAY/PAUSE SENT
2026-03-21T18:55:17.462828,ACTION_SENT,PLAY/PAUSE SENT
2026-03-21T18:55:21.261477,ACTION_SENT,AUTO-PAUSE SENT
2026-03-21T18:55:25.417891,SHUTDOWN,Application closed
2026-03-21T19:02:35.092005,STARTUP,Application started
2026-03-21T19:02:47.083160,SHUTDOWN,Application closed
2026-03-21T19:08:42.671347,STARTUP,Application started
2026-03-21T19:09:04.683938,SHUTDOWN,Application closed
2026-03-21T19:18:30.028334,STARTUP,Application started
2026-03-21T19:18:35.619253,RECORD_TOGGLE,ON
2026-03-21T19:19:51.720296,SHUTDOWN,Application closed
2026-03-21T19:30:53.806606,STARTUP,Application started
2026-03-21T19:31:01.044607,LOCK_CHANGE,UNLOCKED
2026-03-21T19:31:04.222429,ACTION_SENT,AUTO-PAUSE SENT
2026-03-21T19:31:09.924466,ACTION_SENT,PLAY/PAUSE SENT
2026-03-21T19:31:13.803439,ACTION_SENT,AUTO-PAUSE SENT
2026-03-21T19:31:29.922064,ACTION_SENT,PLAY/PAUSE SENT
2026-03-21T19:31:31.423113,ACTION_SENT,PLAY/PAUSE SENT
2026-03-21T19:31:35.107767,ACTION_SENT,AUTO-PAUSE SENT
2026-03-21T19:32:16.619961,ACTION_SENT,PLAY/PAUSE SENT
2026-03-21T19:32:18.156043,ACTION_SENT,PLAY/PAUSE SENT
2026-03-21T19:32:19.683217,ACTION_SENT,PLAY/PAUSE SENT
2026-03-21T19:32:21.216356,ACTION_SENT,PLAY/PAUSE SENT
2026-03-21T19:32:22.716471,ACTION_SENT,PLAY/PAUSE SENT
2026-03-21T19:32:24.226628,ACTION_SENT,PLAY/PAUSE SENT
2026-03-21T19:32:25.756528,ACTION_SENT,PLAY/PAUSE SENT
2026-03-21T19:32:27.278973,ACTION_SENT,PLAY/PAUSE SENT
2026-03-21T19:32:28.799264,ACTION_SENT,PLAY/PAUSE SENT
2026-03-21T19:32:30.303769,ACTION_SENT,PLAY/PAUSE SENT
2026-03-21T19:32:31.808859,ACTION_SENT,PLAY/PAUSE SENT
2026-03-21T19:32:33.326777,ACTION_SENT,PLAY/PAUSE SENT
2026-03-21T19:32:34.843258,ACTION_SENT,PLAY/PAUSE SENT
2026-03-21T19:32:59.433884,SHUTDOWN,Application closed
2026-03-21T19:38:28.053531,STARTUP,Application started
2026-03-21T19:39:30.503033,RECORD_TOGGLE,ON
2026-03-21T19:40:11.720665,RECORD_TOGGLE,OFF
2026-03-21T19:40:37.466553,RECORD_TOGGLE,ON
2026-03-21T19:40:48.820604,RECORD_TOGGLE,OFF
2026-03-21T19:41:04.356519,RECORD_TOGGLE,ON
2026-03-21T19:41:33.301481,RECORD_TOGGLE,OFF
2026-03-21T19:42:05.378511,SHUTDOWN,Application closed
2026-03-21T19:48:52.065122,STARTUP,Application started
2026-03-21T19:49:03.536018,LOCK_CHANGE,UNLOCKED
2026-03-21T19:49:05.516676,ACTION_SENT,PLAY/PAUSE SENT ('k')
2026-03-21T19:49:09.434735,ACTION_SENT,AUTO-PAUSE SENT
2026-03-21T19:49:19.392241,ACTION_SENT,PLAY/PAUSE SENT ('k')
2026-03-21T19:49:24.859733,ACTION_SENT,AUTO-PAUSE SENT
2026-03-21T19:49:28.888402,ACTION_SENT,AUTO-PAUSE SENT
2026-03-21T19:49:36.174654,ACTION_SENT,PLAY/PAUSE SENT ('k')
2026-03-21T19:49:46.858343,ACTION_SENT,PLAY/PAUSE SENT ('k')
2026-03-21T19:49:48.426675,ACTION_SENT,PLAY/PAUSE SENT ('k')
2026-03-21T19:49:49.964521,ACTION_SENT,PLAY/PAUSE SENT ('k')
2026-03-21T19:49:54.952486,ACTION_SENT,PLAY/PAUSE SENT ('k')
2026-03-21T19:49:59.205120,ACTION_SENT,PLAY/PAUSE SENT ('k')
2026-03-21T19:50:02.958240,ACTION_SENT,AUTO-PAUSE SENT
2026-03-21T19:50:45.830795,ACTION_SENT,PLAY/PAUSE SENT ('k')
2026-03-21T19:50:47.335798,ACTION_SENT,PLAY/PAUSE SENT ('k')
2026-03-21T19:50:53.718903,ACTION_SENT,SKIP FWD 10s ('l')
2026-03-21T19:50:55.286780,ACTION_SENT,SKIP FWD 10s ('l')
2026-03-21T19:50:56.808353,ACTION_SENT,SKIP FWD 10s ('l')
2026-03-21T19:50:58.431566,ACTION_SENT,SKIP FWD 10s ('l')
2026-03-21T19:50:59.924965,ACTION_SENT,SKIP FWD 10s ('l')
2026-03-21T19:51:01.447224,ACTION_SENT,SKIP FWD 10s ('l')
2026-03-21T19:51:03.018391,ACTION_SENT,SKIP FWD 10s ('l')
2026-03-21T19:51:04.530684,ACTION_SENT,SKIP FWD 10s ('l')
2026-03-21T19:51:06.079486,ACTION_SENT,PLAY/PAUSE SENT ('k')
2026-03-21T19:51:10.913978,ACTION_SENT,PLAY/PAUSE SENT ('k')
2026-03-21T19:51:12.455219,ACTION_SENT,PLAY/PAUSE SENT ('k')
2026-03-21T19:51:14.023603,ACTION_SENT,PLAY/PAUSE SENT ('k')
2026-03-21T19:51:15.641125,ACTION_SENT,PLAY/PAUSE SENT ('k')
2026-03-21T19:51:28.077701,ACTION_SENT,SKIP FWD 10s ('l')
2026-03-21T19:51:29.620814,ACTION_SENT,SKIP FWD 10s ('l')
2026-03-21T19:51:33.809513,ACTION_SENT,AUTO-PAUSE SENT
2026-03-21T19:52:02.279439,SHUTDOWN,Application closed
2026-03-28T21:42:33.600752,STARTUP,open_palm,None,None,True,False,160,80,480,400
2026-03-28T21:43:43.592363,LABEL_CHANGE,fist,Hand in ROI (no gesture),None,True,False,160,80,480,400
2026-03-28T21:43:45.627336,LABEL_CHANGE,two_fingers,Hand in ROI (no gesture),None,True,False,160,80,480,400
2026-03-28T21:43:47.593268,LABEL_CHANGE,fist,Hand in ROI (no gesture),None,True,False,160,80,480,400
2026-03-28T21:43:48.176830,LABEL_CHANGE,open_palm,Hand in ROI (no gesture),None,True,False,160,80,480,400
2026-03-28T21:43:48.725242,LABEL_CHANGE,fist,Hand in ROI (no gesture),None,True,False,160,80,480,400
2026-03-28T21:43:56.841852,LABEL_CHANGE,open_palm,Move hand into ROI,None,True,False,160,80,480,400
